{"lm_ppl": 2.3967076941134255, "pcfg_ppl": 2.4168611531479494, "spearman": 0.9449524922655508, "r2": 0.9841023212233014}