{"lm_ppl": 2.6119495941508353, "pcfg_ppl": 2.608898213291807, "spearman": 0.9018854410366967, "r2": 0.9985842266239667}