{"lm_ppl": 5.416495179569515, "pcfg_ppl": 5.16376831375109, "spearman": 0.9649336406106631, "r2": 0.979400708540384}