{"lm_ppl": 2.3820678760556033, "pcfg_ppl": 2.39816099420321, "spearman": 0.9437125080829375, "r2": 0.9848402239911713}