{"lm_ppl": 3.82599371247692, "pcfg_ppl": 3.7691347929783463, "spearman": 0.9396984868063286, "r2": 0.9918959731497511}